Series Name,Series Code,Country Name,Country Code,1990 [YR1990],2000 [YR2000],2011 [YR2011],2012 [YR2012],2013 [YR2013],2014 [YR2014],2015 [YR2015],2016 [YR2016],2017 [YR2017],2018 [YR2018],2019 [YR2019],2020 [YR2020]
GDP per capita (current US$),NY.GDP.PCAP.CD,Afghanistan,AFG,..,..,591.162759035926,641.871479157538,637.165523187024,613.856689167623,578.466352941708,509.218661332126,519.884773089339,493.750418116312,507.103431871987,..
GDP per capita (current US$),NY.GDP.PCAP.CD,Albania,ALB,617.230435515505,1126.68331762741,4437.14288515077,4247.62998374252,4413.06086120676,4578.6319939825,3952.80121524465,4124.05572595352,4531.02080555986,5284.38018438156,5353.2448564014,..
GDP per capita (current US$),NY.GDP.PCAP.CD,Algeria,DZA,2408.68881482248,1765.02219817503,5462.26089723183,5591.21235322404,5498.78409497823,5494.3523360423,4187.50972747204,3945.48208133854,4111.29411013269,4153.73397805915,3973.96407191565,..
GDP per capita (current US$),NY.GDP.PCAP.CD,American Samoa,ASM,..,..,10294.3022651052,11568.7930012395,11505.3937142139,11507.2323493037,11843.3311832581,11696.9555623329,10823.4448040273,11466.6907058505,..,..
GDP per capita (current US$),NY.GDP.PCAP.CD,Andorra,AND,18878.5059692988,21854.2468030614,43335.3288618283,38686.4612635075,39538.7667220426,41303.9293714464,35762.523073758,37474.6654057245,38962.8803536703,41793.0552583729,40886.3911648431,..
GDP per capita (current US$),NY.GDP.PCAP.CD,Angola,AGO,947.704182085371,556.836318086553,4615.46802807906,5100.09580809767,5254.88233799616,5408.41049555432,4166.97968386501,3506.07288506966,4095.81294155857,3289.64666408633,2790.72661520665,..
GDP per capita (current US$),NY.GDP.PCAP.CD,Antigua and Barbuda,ATG,7348.23391713105,10871.0057141966,12746.2050243357,13272.4413293826,12909.7441775006,13501.5809223367,14286.0931598293,15197.6174551735,15383.4151884998,16672.7442395764,17112.8211347326,..
GDP per capita (current US$),NY.GDP.PCAP.CD,Argentina,ARG,4333.48297312146,7708.10099605414,12848.8641969705,13082.664325572,13080.2547323367,12334.7982453893,13789.060424772,12790.2424732447,14613.0418246696,11633.4980086465,9912.28180859803,..
GDP per capita (current US$),NY.GDP.PCAP.CD,Armenia,ARM,637.854659491342,622.742139063498,3525.80474671153,3681.8574560431,3838.18580148382,3986.23162376713,3607.29669672271,3591.82927553023,3914.5012684128,4220.49027671249,4622.73349328671,..
GDP per capita (current US$),NY.GDP.PCAP.CD,Aruba,ABW,12307.3117378314,20620.7006259175,24985.9932813737,24713.6980451285,26189.4355088129,26647.938100985,27980.8806952751,28281.35048163,29007.6930034887,..,..,..
GDP per capita (current US$),NY.GDP.PCAP.CD,Australia,AUS,18211.5000581403,21679.2478424147,62517.8337471503,68012.1479005934,68150.1070413215,62510.7911705641,56755.7217124249,49971.131456129,54027.9668184568,57354.9640455891,55060.3261005013,..
GDP per capita (current US$),NY.GDP.PCAP.CD,Austria,AUT,21680.989623313,24564.4582948404,51374.9584066934,48567.69528642,50716.7087062864,51717.4959405515,44178.0473777432,45276.8314351693,47426.5119597773,51478.2852619277,50137.6627762476,..
GDP per capita (current US$),NY.GDP.PCAP.CD,Azerbaijan,AZE,1237.324491677,655.097432602586,7189.69122920765,7496.29464768263,7875.75695254288,7891.31314749986,5500.31038244408,3880.73873089556,4147.08971569171,4739.84171028393,4793.58701966989,..
GDP per capita (current US$),NY.GDP.PCAP.CD,"Bahamas, The",BHS,12356.4238963715,27097.6108115725,28006.3797183913,29485.6209294138,28783.5541223636,29980.0611386466,31295.0620781067,31562.6397411168,32718.6381008013,33767.5033710196,34863.7420984795,..
GDP per capita (current US$),NY.GDP.PCAP.CD,Bahrain,BHR,8528.98333446095,13636.3962320368,22514.2379458146,23654.3513912828,24744.296958551,24989.4001204704,22634.118645445,22608.484275925,23742.9850166355,23991.05667694,23503.977126673,..
GDP per capita (current US$),NY.GDP.PCAP.CD,Bangladesh,BGD,306.268703808998,418.068968311378,861.758444349051,883.105000541313,981.839879150399,1118.8536634927,1248.45339778371,1401.62062821515,1563.91369862485,1698.35039428122,1855.73982408046,..
GDP per capita (current US$),NY.GDP.PCAP.CD,Barbados,BRB,7711.2067988566,11268.2540559453,16458.3532105715,16249.5593937258,16451.1635759912,16489.0722373387,16525.0732500596,16900.166552366,17391.4258663397,17745.1934649963,18148.2449264001,..
GDP per capita (current US$),NY.GDP.PCAP.CD,Belarus,BLR,2124.84051428011,1276.2880341,6519.23019498892,6940.15925359735,7978.87261471076,8318.51268992675,5949.10630699748,5022.62664330491,5761.74712023007,6330.0752464187,6663.29529282582,..
GDP per capita (current US$),NY.GDP.PCAP.CD,Belgium,BEL,20600.3752789827,23041.5347290428,47348.5250202016,44673.1158755901,46744.6625441516,47700.5403601178,40991.8081381432,41984.1030335609,44192.6230270333,47583.0749405066,46420.6637668061,..
GDP per capita (current US$),NY.GDP.PCAP.CD,Belize,BLZ,2197.18502331181,3364.33293572974,4423.48979672175,4505.62130177515,4568.50295763852,4705.60268956266,4775.95564827821,4818.40390879479,4887.5772083381,4884.7341615523,4815.1637107951,..
GDP per capita (current US$),NY.GDP.PCAP.CD,Benin,BEN,393.686214423531,511.40022696311,1130.27313181143,1145.14081099947,1251.21051783537,1291.40980818577,1076.79771601166,1087.28783152256,1136.59284704681,1240.82946441954,1219.43267185875,..
GDP per capita (current US$),NY.GDP.PCAP.CD,Bermuda,BMU,26841.5197383946,56284.1686478094,97774.1620717428,98431.8651810241,99471.6388978631,98467.683993982,102005.62564189,106885.878489327,111820.581466347,113021.417396746,117089.286273037,..
GDP per capita (current US$),NY.GDP.PCAP.CD,Bhutan,BTN,564.77960950252,718.187830716068,2563.2575266012,2538.94590031276,2472.71430857435,2652.21458893197,2752.66420790266,2930.56298891838,3286.57470287488,3243.48603638229,3316.17571350084,..
GDP per capita (current US$),NY.GDP.PCAP.CD,Bolivia,BOL,709.05967248876,997.582459886835,2346.33715481293,2609.88081366788,2908.20009458765,3081.87882321413,3035.97221350817,3076.65894989886,3351.1240444427,3548.59015508448,3552.0687602631,..
GDP per capita (current US$),NY.GDP.PCAP.CD,Bosnia and Herzegovina,BIH,..,1467.77647716048,5092.55194328895,4778.63608845506,5131.39450642932,5329.63504488766,4727.27771157479,4994.68314045091,5394.59122017677,6072.18462285304,6108.51069581338,..
GDP per capita (current US$),NY.GDP.PCAP.CD,Botswana,BWA,2945.83203953801,3522.30867806396,7617.32515952037,7050.57347186681,7224.96528118842,7780.65338385068,6799.87017783413,7243.87025286676,7893.23253363666,8279.60173877574,7961.32518123885,..
GDP per capita (current US$),NY.GDP.PCAP.CD,Brazil,BRA,3100.28046842987,3749.75324996168,13245.6124995448,12370.0242007149,12300.3248822758,12112.5882059697,8814.00098681261,8710.09668954121,9925.38623770041,9001.23424863499,8717.18627810819,..
GDP per capita (current US$),NY.GDP.PCAP.CD,British Virgin Islands,VGB,..,..,..,..,..,..,..,..,..,..,..,..
GDP per capita (current US$),NY.GDP.PCAP.CD,Brunei Darussalam,BRN,13607.5220957631,18012.5562597047,47055.8411171808,47740.5149036597,44740.085018517,41726.7839720342,31164.5620291141,27157.8234104784,28572.1467776509,31628.3287914349,31086.7511188028,..
GDP per capita (current US$),NY.GDP.PCAP.CD,Bulgaria,BGR,2366.52982128614,1621.24296080247,7809.42506245471,7395.84980340721,7655.12970759319,7876.86646539994,7055.93567291245,7548.85500737534,8334.08172775332,9427.73043039881,9828.14851478139,..
GDP per capita (current US$),NY.GDP.PCAP.CD,Burkina Faso,BFA,351.979322852536,254.71752910271,751.172957247699,758.000701423857,787.47017629755,792.846778432074,653.32697954543,688.249662758849,734.994429826895,813.096848960038,786.895631290168,..
GDP per capita (current US$),NY.GDP.PCAP.CD,Burundi,BDI,208.146755438253,136.46397080034,249.577979366801,252.358979858344,256.976002796754,274.857947913846,305.549772797441,282.193130404814,292.997630684415,271.752044376648,261.247472515742,..
GDP per capita (current US$),NY.GDP.PCAP.CD,Cabo Verde,CPV,908.0961895607,1259.32365602588,3740.38909850629,3447.5240412173,3615.97904131099,3588.6740539538,3043.01398430098,3130.96338552381,3292.64575457372,3617.32748873182,3603.78179304514,..
GDP per capita (current US$),NY.GDP.PCAP.CD,Cambodia,KHM,..,302.577163565133,882.275492640073,950.880345993697,1013.4204006154,1093.49619050796,1162.90491997151,1269.59125737542,1385.2599796333,1512.12670972847,1643.12138876539,..
GDP per capita (current US$),NY.GDP.PCAP.CD,Cameroon,CMR,946.646413060374,649.991845405048,1405.09439231907,1354.54561274707,1465.63884316769,1542.62026621531,1327.50301711492,1364.33011041997,1425.10781805334,1534.49370193468,1507.45020591288,..
GDP per capita (current US$),NY.GDP.PCAP.CD,Canada,CAN,21448.3619600057,24190.2496150045,52087.446383568,52678.3901234772,52652.5936828278,50893.4467137547,43585.5119817751,42322.4847803038,45148.5527061655,46313.1713712961,46194.7252255167,..
GDP per capita (current US$),NY.GDP.PCAP.CD,Cayman Islands,CYM,..,..,72328.4126065949,72783.3197854203,73515.8962851792,74990.4327442868,76280.4866192809,78465.3573282461,81302.122965073,85975.0247395242,..,..
GDP per capita (current US$),NY.GDP.PCAP.CD,Central African Republic,CAF,513.305284957779,251.206877406698,551.750096552583,565.800696971217,380.298167643018,424.448751343631,377.423001679447,402.191290596004,450.900244979058,475.953609871945,467.907440636335,..
GDP per capita (current US$),NY.GDP.PCAP.CD,Chad,TCD,291.553259539311,165.762986567833,984.735891490329,967.352797482929,979.812409638156,1020.28820350586,776.019532308037,693.449386475774,665.94835269506,726.149881109447,709.540310138533,..
GDP per capita (current US$),NY.GDP.PCAP.CD,Channel Islands,CHI,..,43381.6578397785,..,..,..,..,..,..,..,..,..,..
GDP per capita (current US$),NY.GDP.PCAP.CD,Chile,CHL,2494.52566886254,5074.90162375009,14637.2402355403,15351.5513257697,15842.9408052125,14670.996760602,13574.171830724,13753.5944374598,14999.3700885512,15924.7942393064,14896.4538665789,..
GDP per capita (current US$),NY.GDP.PCAP.CD,China,CHN,317.884673040928,959.372483639691,5618.13226711952,6316.91831760216,7050.64627124287,7678.59948587483,8066.94263493557,8147.93770548839,8879.43866711346,9976.67713725865,10261.6792453621,..
GDP per capita (current US$),NY.GDP.PCAP.CD,Colombia,COL,1445.32863023383,2520.48108876016,7335.16693447605,8050.2553716705,8218.34784431477,8114.3439208516,6175.87602970259,5870.77795724164,6376.70671552601,6716.91159778134,6428.67620562768,..
GDP per capita (current US$),NY.GDP.PCAP.CD,Comoros,COM,1043.8008030813,645.818690802056,1447.96358713476,1403.34861983706,1505.34947313614,1513.8303792438,1242.6031895579,1273.05895265459,1323.81158996501,1415.95531263535,1370.14820676715,..
GDP per capita (current US$),NY.GDP.PCAP.CD,"Congo, Dem. Rep.",COD,270.13054337708,405.21625299166,387.082465361488,424.600386118518,457.96372825635,486.787081921552,497.316960805476,471.318840409572,467.07423746489,557.064418324276,580.716867207745,..
GDP per capita (current US$),NY.GDP.PCAP.CD,"Congo, Rep.",COG,1187.55128407722,1029.57703685039,3562.21618796922,3922.86826723867,3884.84751250446,3754.1954669562,2461.49416964392,2074.97015928544,2191.22043789319,2577.70170504152,2279.96913053355,..
GDP per capita (current US$),NY.GDP.PCAP.CD,Costa Rica,CRI,1831.00191180894,3772.87001153149,9121.93251763187,9913.20995852366,10490.0813312933,10547.1518593556,11299.1355423011,11666.4559107759,11814.6265687665,12112.1344206452,12243.8114267607,..
GDP per capita (current US$),NY.GDP.PCAP.CD,Cote d'Ivoire,CIV,905.321715851216,651.305906791064,1208.58302649782,1243.2734867584,1415.87175770634,1561.46365461434,1972.54610769746,2013.38246179891,2111.02707557541,2314.05068144953,2276.33327906444,..
GDP per capita (current US$),NY.GDP.PCAP.CD,Croatia,HRV,..,4841.58673269484,14609.5243524166,13258.3598451041,13674.4178049999,13599.4097770608,11781.7347932429,12361.4838303671,13451.6249479152,15014.0850191716,14936.100547343,..
GDP per capita (current US$),NY.GDP.PCAP.CD,Cuba,CUB,2703.16803909913,2747.09857519438,6139.71932965905,6497.32111313561,6837.71289192677,7133.34209494342,7694.0119195241,8060.79588647979,8541.2106734664,8821.81889125004,..,..
GDP per capita (current US$),NY.GDP.PCAP.CD,Curacao,CUW,..,..,20146.3864122001,20587.397358013,20462.7179539813,20258.0096948833,19951.3279030441,19555.3658492891,19457.5315232205,19573.892645136,19689.13982339,..
GDP per capita (current US$),NY.GDP.PCAP.CD,Cyprus,CYP,9641.57527301293,14388.3480609917,32396.3857437121,28912.1569390403,27729.1926990735,27129.6261211298,23333.7149112129,24532.5190588269,26338.6943443136,28689.7067225792,27858.3709958327,..
GDP per capita (current US$),NY.GDP.PCAP.CD,Czech Republic,CZE,3941.50309406941,6029.03819275358,21871.2660754128,19870.8012123403,20133.1691431353,19890.9199056648,17829.6983223668,18575.2320271915,20636.199952435,23415.8436273041,23494.5962002944,..
GDP per capita (current US$),NY.GDP.PCAP.CD,Denmark,DNK,26891.4464489571,30743.5476816354,61753.647131977,58507.5080517852,61191.1937042028,62548.9847332908,53254.8563700916,54663.9983719195,57610.0981801136,61598.5367043936,60170.3426365069,..
GDP per capita (current US$),NY.GDP.PCAP.CD,Djibouti,DJI,766.1409545474,768.17607674712,1451.54297984389,1559.24065068226,2312.72880330353,2464.32784119361,2658.97875260181,2802.19705115707,2914.38385631251,3141.88921873893,3414.92486968779,..
GDP per capita (current US$),NY.GDP.PCAP.CD,Dominica,DMA,2860.4315596643,4787.78017069474,7065.06184677542,6848.3942266793,7016.67647144723,7318.10378289945,7596.43506226258,8080.96862341186,7274.72133332919,7693.87887014414,8110.56851191655,..
GDP per capita (current US$),NY.GDP.PCAP.CD,Dominican Republic,DOM,991.614424124905,2869.1058607235,5913.43207211309,6110.36965236196,6238.13360825277,6608.82810180769,6921.51722848184,7280.88010923336,7609.33879952227,8050.63044036673,8282.11635935324,..
GDP per capita (current US$),NY.GDP.PCAP.CD,Ecuador,ECU,1489.52950926574,1445.27932442901,5200.55579014874,5682.04500655353,6056.3308269681,6377.09153014217,6124.49164262072,6060.09332904416,6213.50127649921,6295.93539868079,6183.82382482173,..
GDP per capita (current US$),NY.GDP.PCAP.CD,"Egypt, Arab Rep.",EGY,765.642046377923,1450.47624243298,2791.81079895568,3229.6856303038,3262.65802934248,3379.55850951075,3562.93273506849,3519.87320254259,2444.29031115094,2537.1253654904,3019.20582861756,..
GDP per capita (current US$),NY.GDP.PCAP.CD,El Salvador,SLV,914.130927454167,2001.53800924467,3266.01206202074,3428.4071797616,3509.53149262616,3589.04219262897,3705.57794598177,3805.99366628473,3910.25719295906,4067.65944881154,4187.2500311069,..
GDP per capita (current US$),NY.GDP.PCAP.CD,Equatorial Guinea,GNQ,267.468072913182,1725.55473767524,21641.8705192127,21711.1532298542,20390.7193153023,19394.0299929972,11283.46560612,9250.33195308226,9667.91225173046,10144.1958108456,8131.92388810912,..
GDP per capita (current US$),NY.GDP.PCAP.CD,Eritrea,ERI,..,308.13378356477,642.507659063694,..,..,..,..,..,..,..,..,..
GDP per capita (current US$),NY.GDP.PCAP.CD,Estonia,EST,..,4075.97063851071,17621.5479628944,17534.421349913,19174.1003261509,20367.103161316,17522.230186252,18437.2528207173,20458.4607286705,23170.7073775514,23723.306112848,..
GDP per capita (current US$),NY.GDP.PCAP.CD,Eswatini,SWZ,1355.39394489604,1728.70533953017,4496.60037883323,4527.66898764161,4230.3440556779,4038.55722839918,3679.79979948884,3425.55950940688,3914.61325245175,4106.1971526456,3894.67980685427,..
GDP per capita (current US$),NY.GDP.PCAP.CD,Ethiopia,ETH,254.243256893683,124.460800271762,354.479575841347,467.077927241718,499.531572059907,566.926466461984,640.541891313682,717.124592933285,768.522307579386,771.523813864476,855.760862280838,..
GDP per capita (current US$),NY.GDP.PCAP.CD,Faroe Islands,FRO,..,22653.3160466352,52083.8891448364,49459.7172338372,54853.6255967876,59440.0307606004,52404.6593331379,56854.102653706,60108.4666887359,64269.7042541028,..,..
GDP per capita (current US$),NY.GDP.PCAP.CD,Fiji,FJI,1835.12809591767,2076.56878431649,4371.45751012411,4591.55578402956,4840.69371615802,5605.5703563549,5390.74525792812,5651.31805482702,6101.03083866498,6317.4878527697,6175.88872032104,..
GDP per capita (current US$),NY.GDP.PCAP.CD,Finland,FIN,28364.6450765922,24285.4668205162,51081.9976703127,47710.7902169415,49878.0432444536,50260.2998588958,42784.6983616432,43784.2839622098,46336.6632530127,50030.8773106501,48782.7884755091,..
GDP per capita (current US$),NY.GDP.PCAP.CD,France,FRA,21793.8426479832,22364.0293943406,43790.7320482019,40874.7035053457,42592.9340943342,43011.2631028417,36638.184929157,37037.3741861219,38812.1610341682,41631.0907389044,40493.9285720456,..
GDP per capita (current US$),NY.GDP.PCAP.CD,French Polynesia,PYF,15913.5904795552,14323.820820245,..,..,..,..,..,..,..,..,..,..
GDP per capita (current US$),NY.GDP.PCAP.CD,Gabon,GAB,6268.95101975453,4125.71666351713,10809.6464505909,9813.4777028244,9683.57629028674,9663.42923977641,7384.71587003183,6984.45101873395,7230.39639268426,7956.62781558686,7767.01340440788,..
GDP per capita (current US$),NY.GDP.PCAP.CD,"Gambia, The",GMB,331.818434756804,594.151642988667,762.761054131159,742.781137796627,700.514971960668,607.428404115004,660.723571244322,690.778886042938,679.756913965828,732.717513775219,777.811932084008,..
GDP per capita (current US$),NY.GDP.PCAP.CD,Georgia,GEO,1614.6401223992,749.908523611591,4021.74330617286,4421.81824228013,4623.74572473419,4739.18833846421,4014.18594419329,4062.16988757379,4357.00093554628,4722.78778321766,4697.7045759469,..
GDP per capita (current US$),NY.GDP.PCAP.CD,Germany,DEU,22303.9613266628,23635.9292203977,46644.776027968,43858.3630551076,46285.7640688407,47959.9932737599,41086.7296737253,42107.5172703074,44552.8193719078,47810.5076706348,46445.2491012508,..
GDP per capita (current US$),NY.GDP.PCAP.CD,Ghana,GHA,398.637000137952,258.47095948786,1549.46290192946,1587.56123719997,2345.39290574885,1971.03334675411,1743.8509964087,1931.38947036943,2025.93242386751,2202.31216442504,2202.11556738065,..
GDP per capita (current US$),NY.GDP.PCAP.CD,Gibraltar,GIB,..,..,..,..,..,..,..,..,..,..,..,..
GDP per capita (current US$),NY.GDP.PCAP.CD,Greece,GRC,9600.18523506603,12042.9537140472,25916.2934913805,22242.681946404,21874.8194678407,21760.9797507704,18167.7737271656,18116.4596531285,18930.2186276597,20324.3049917812,19582.5359794936,..
GDP per capita (current US$),NY.GDP.PCAP.CD,Greenland,GRL,18326.8051234609,19004.1072910304,47186.9814680048,45936.7659516989,47535.5899453685,50484.9275739023,44536.4013080999,48181.874188064,50321.3687543442,54470.9563864255,..,..
GDP per capita (current US$),NY.GDP.PCAP.CD,Grenada,GRD,2886.90829497216,5057.17396526767,7291.05889664338,7444.5047675973,7789.77638079977,8369.88675513221,9096.87064595412,9628.34748662013,10152.8328118872,10485.9071571796,10808.6721222084,..
GDP per capita (current US$),NY.GDP.PCAP.CD,Guam,GUM,..,..,30859.4043533803,32494.5623640591,33265.3811866066,34394.0974809957,35278.9259389693,35562.8379083283,35615.8046274371,35712.5621350321,..,..
GDP per capita (current US$),NY.GDP.PCAP.CD,Guatemala,GTM,845.306962105181,1664.29895827045,3281.66750176033,3408.78491640236,3522.77369775434,3779.64231923143,3994.63691288475,4173.30166619474,4451.45098144235,4472.89237082577,4619.98525821971,..
GDP per capita (current US$),NY.GDP.PCAP.CD,Guinea,GIN,419.788629838451,363.482478999068,651.135363533047,717.050737885584,769.003943268326,787.238070219971,769.256013746016,732.291075213299,855.573639877367,878.599613250501,962.839908587779,..
GDP per capita (current US$),NY.GDP.PCAP.CD,Guinea-Bissau,GNB,250.150467936055,308.144119293709,703.663718670535,616.376432113543,634.662809239796,623.310881630911,603.401118246693,661.456725387231,738.549944890782,778.349910210043,697.294926856786,..
GDP per capita (current US$),NY.GDP.PCAP.CD,Guyana,GUY,533.536205388525,954.404152491261,4908.57354176392,5378.7336439658,5489.11384076143,5407.08996283231,5576.83333734239,5811.3753219117,6124.92996724861,6145.8424106799,6609.58642503371,..
GDP per capita (current US$),NY.GDP.PCAP.CD,Haiti,HTI,439.944062994775,811.533974153575,1287.95405805707,1337.33543100854,1393.95595098815,1402.1001557234,1389.11951950807,1265.98763288491,1294.23974604323,1435.35175551073,1272.4909246734,..
GDP per capita (current US$),NY.GDP.PCAP.CD,Honduras,HND,993.483052704469,1080.46212866245,2088.31530028695,2144.3426111782,2102.59316626494,2206.05193412773,2302.20137936204,2342.58465119568,2453.72789597457,2505.7767518956,2574.91219067443,..
GDP per capita (current US$),NY.GDP.PCAP.CD,"Hong Kong SAR, China",HKG,13485.5448929565,25756.6637783278,35142.4879344543,36730.8767001128,38403.7777145477,40315.2855640552,42431.8882817277,43731.1068245299,46165.8565115953,48543.4009905733,48713.4737481561,..
GDP per capita (current US$),NY.GDP.PCAP.CD,Hungary,HUN,..,4624.28165670295,14216.1656114334,12950.6865153085,13687.5140593304,14267.0121547683,12706.8912148924,13090.5067287853,14605.8543453283,16410.1872639683,16731.8215139051,..
GDP per capita (current US$),NY.GDP.PCAP.CD,Iceland,ISL,25423.0719923822,32018.0636995267,47516.874691306,45910.0205425261,49522.236577279,54241.9346445558,52564.4291794558,61466.8039542895,71310.9392562342,72968.7042280499,66944.8330769825,..
GDP per capita (current US$),NY.GDP.PCAP.CD,India,IND,367.556609311203,443.31419339174,1458.10352686177,1443.87952939042,1449.6059123387,1573.88149211052,1605.60543355488,1732.56426178428,1981.6510498992,2005.86300452403,2099.59904810855,..
GDP per capita (current US$),NY.GDP.PCAP.CD,Indonesia,IDN,585.076549951004,780.190200986579,3643.04393616102,3694.34894603237,3623.91158235134,3491.62479085767,3331.69512758628,3562.84575641971,3837.65173121117,3893.84642475571,4135.56926281554,..
GDP per capita (current US$),NY.GDP.PCAP.CD,"Iran, Islamic Rep.",IRN,2214.32749205514,1670.00946997849,7781.40611374433,7927.84690171722,6018.32447332471,5585.52675758303,4904.32687747976,5253.42490964182,5520.31047120905,5550.06095701484,..,..
GDP per capita (current US$),NY.GDP.PCAP.CD,Iraq,IRQ,10326.9216621259,..,6036.39624251303,6829.96395380594,7076.87717988865,6818.80462127833,4989.80307473071,4777.19761871776,5205.28825476591,5834.16621065352,5955.10901036816,..
GDP per capita (current US$),NY.GDP.PCAP.CD,Ireland,IRL,14048.106278995,26241.3646146973,51848.9096998104,48917.8976130459,51590.1885889392,55492.982562275,61995.4228025802,63197.0823976808,69822.3470849141,78621.2279310086,78660.9564629603,..
GDP per capita (current US$),NY.GDP.PCAP.CD,Isle of Man,IMN,..,20322.9461485526,77351.9588821432,79149.2685517302,83366.066358181,92334.6463139171,85124.9249839193,82206.0089984701,83489.8170360741,89108.4281417659,..,..
GDP per capita (current US$),NY.GDP.PCAP.CD,Israel,ISR,12707.5417657745,21043.5749244436,33669.246476486,32511.2378524925,36309.4688325612,37678.8897709163,35776.7951618068,37321.6240397313,40541.8620938968,41719.7254385703,43592.0835823234,..
GDP per capita (current US$),NY.GDP.PCAP.CD,Italy,ITA,20825.7842228307,20087.5919858794,38599.0622070322,35053.5262442572,35549.9746972954,35518.4152916749,30230.2263021296,30939.7142462298,32406.7203150134,34615.7568910987,33228.2366803707,..
GDP per capita (current US$),NY.GDP.PCAP.CD,Jamaica,JAM,1897.68696278779,3384.69486090546,5111.471413428,5209.85193130013,4989.17139091154,4833.79031821405,4907.50371974316,4843.33847410864,5069.18383810726,5354.2368587703,5582.26377755211,..
GDP per capita (current US$),NY.GDP.PCAP.CD,Japan,JPN,25359.34702031,38532.0408752935,48167.9972684965,48603.4766497749,40454.4474578903,38109.4121125573,34524.4698609337,38761.8181501925,38386.5111457057,39159.4235633952,40246.8801284164,..
GDP per capita (current US$),NY.GDP.PCAP.CD,Jordan,JOR,1166.61027609729,1651.62244254198,3852.75276709995,3909.90756873124,4043.7490382702,4130.87905539962,4164.1078763551,4176.58891025118,4234.40313273963,4312.18011672108,4405.48841230824,..
GDP per capita (current US$),NY.GDP.PCAP.CD,Kazakhstan,KAZ,1647.46323090376,1229.00095844501,11634.0019047654,12386.7000029472,13890.6317716835,12807.2606866152,10510.7718884149,7714.84184376024,9247.58133129626,9812.60140498928,9812.39037613835,..
GDP per capita (current US$),NY.GDP.PCAP.CD,Kenya,KEN,361.328188915652,397.482658777519,971.63332904823,1136.87140571776,1210.38801408195,1315.80453537238,1336.88334885603,1410.52756809011,1572.33549593781,1707.98680529003,1816.5469164389,..
GDP per capita (current US$),NY.GDP.PCAP.CD,Kiribati,KIR,549.855506598051,796.888174759841,1735.01835782836,1788.50542068887,1715.76533141614,1642.76259749601,1542.5752495838,1584.80744578963,1640.50010436018,1698.25628626739,1655.07883905984,..
GDP per capita (current US$),NY.GDP.PCAP.CD,"Korea, Dem. People’s Rep.",PRK,..,..,..,..,..,..,..,..,..,..,..,..
GDP per capita (current US$),NY.GDP.PCAP.CD,"Korea, Rep.",KOR,6610.0365083067,12256.9935679503,25096.2638838239,25466.7605170594,27182.7343101936,29249.5752209742,28732.2310762599,29288.8704389833,31616.8434004683,33422.9442100836,31846.2182324258,..
GDP per capita (current US$),NY.GDP.PCAP.CD,Kosovo,XKX,..,1087.76240120887,3741.87505207304,3596.80465465781,3891.26636343866,4080.33071724595,3603.02550073134,3780.00368867233,4045.61420880757,4419.91432698449,4417.5240622333,..
GDP per capita (current US$),NY.GDP.PCAP.CD,Kuwait,KWT,8794.63122894273,18440.3785212446,48631.691300679,51979.1051680637,49388.1374119381,44062.3170375209,29869.5293908248,27653.0667677649,29759.4364865575,33994.3819171507,32000.4484691578,..
GDP per capita (current US$),NY.GDP.PCAP.CD,Kyrgyz Republic,KGZ,609.172891237019,279.619569260939,1123.8831680627,1177.97473487848,1282.43716202467,1279.76978265986,1121.08283510739,1120.66651300848,1242.76964282023,1308.14016549619,1309.39299165512,..
GDP per capita (current US$),NY.GDP.PCAP.CD,Lao PDR,LAO,203.255969785383,325.186998225846,1378.36136494331,1581.39540349425,1825.66511330676,1998.33521471699,2134.71179567796,2308.80048220079,2423.8462031921,2542.4865281792,2534.89827991125,..
GDP per capita (current US$),NY.GDP.PCAP.CD,Latvia,LVA,..,3357.58643573855,13895.1625650739,13926.3473076523,15120.7818885797,15713.536972819,13774.6052739114,14315.7928949778,15682.2214493267,17858.2799784486,17828.8946571856,..
GDP per capita (current US$),NY.GDP.PCAP.CD,Lebanon,LBN,1012.64388071035,4491.63725889302,7674.83535037848,7950.69537825963,7931.08047584526,7686.25602996455,7644.54865718212,7629.89111711952,7801.17865807555,8024.80327081387,7583.69472170648,..
GDP per capita (current US$),NY.GDP.PCAP.CD,Lesotho,LSO,350.06083916752,436.488351988266,1308.6900692942,1253.69620403793,1193.71325496081,1223.33303363988,1152.13982883937,1043.56979064916,1150.07917350089,1221.88376322756,1118.13128380194,..
GDP per capita (current US$),NY.GDP.PCAP.CD,Liberia,LBR,..,306.832894733147,596.897081053795,657.936256349955,721.930055405248,721.182794835652,710.383857717515,714.623392230031,698.70176435511,677.322178545364,621.892953622715,..
GDP per capita (current US$),NY.GDP.PCAP.CD,Libya,LBY,6514.32150398511,7142.77445181509,5554.1791642315,13025.2813934413,10363.7894894551,6466.91027014384,4337.91913919348,4035.1943155047,5756.69844996569,7877.12225061884,7685.94926653003,..
GDP per capita (current US$),NY.GDP.PCAP.CD,Liechtenstein,LIE,49375.3252826544,74853.938729354,158156.599825792,149010.224898665,173058.317372602,178845.631017897,167290.939983907,165629.190482925,173356.051288416,181402.83002981,..,..
GDP per capita (current US$),NY.GDP.PCAP.CD,Lithuania,LTU,..,3293.22997867086,14392.5342563325,14373.060522928,15726.626829911,16564.9565494076,14258.2293345128,14998.1250595137,16885.4073948373,19176.1765182085,19601.8908343885,..
GDP per capita (current US$),NY.GDP.PCAP.CD,Luxembourg,LUX,34645.1432443401,48735.995492187,115761.507705096,106749.013622989,113625.13289956,118823.648368575,101376.496574339,104278.390971905,107627.151006695,116654.26106674,114704.594170863,..
GDP per capita (current US$),NY.GDP.PCAP.CD,"Macao SAR, China",MAC,9368.36863824419,15710.0869270706,66644.3853449773,76291.8474900231,89287.4540184115,93777.1067959425,75340.9869811152,74061.0860345658,81516.6749248075,87208.535912643,84096.3963112065,..
GDP per capita (current US$),NY.GDP.PCAP.CD,Madagascar,MDG,338.948121795874,293.607157402594,531.265571840383,518.15295430212,541.066199955123,530.861345678745,467.235399432808,475.955417183065,515.29272487784,527.501326141803,523.359064460847,..
GDP per capita (current US$),NY.GDP.PCAP.CD,Malawi,MWI,199.986342315353,156.385718599912,534.951264721663,391.561832360636,348.430269640572,371.269749625713,380.597033140938,315.777326372575,356.717573153369,381.258987601084,411.552340423602,..
GDP per capita (current US$),NY.GDP.PCAP.CD,Malaysia,MYS,2441.74199054895,4043.66205143391,10399.372753345,10817.4428742856,10970.1232849014,11319.0797572756,9955.24370828938,9817.73845699838,10259.1817806895,11377.4550023015,11414.2069765208,..
GDP per capita (current US$),NY.GDP.PCAP.CD,Maldives,MDV,963.841785800205,2234.57986558466,7291.42764039704,7265.61365556669,7928.45736514824,8499.36575571782,9033.43986680388,9209.24472691509,9577.62519371477,10276.9328152389,10626.513402239,..
GDP per capita (current US$),NY.GDP.PCAP.CD,Mali,MLI,317.389306906928,269.871137691703,837.603440597371,778.619285773713,805.032838240856,848.274053713997,751.474788898858,780.718598502648,830.018367429228,894.802186858006,879.008010446655,..
GDP per capita (current US$),NY.GDP.PCAP.CD,Malta,MLT,7191.92360259617,10432.328062168,23155.5547679706,22527.636864634,24771.0766800739,26754.2685892123,24921.6035735846,25617.8269140977,28091.8616473935,30437.2215058962,29820.6032474099,..
GDP per capita (current US$),NY.GDP.PCAP.CD,Marshall Islands,MHL,1660.12988936134,2272.72279471164,3083.83187985353,3224.33838179029,3296.69816291405,3230.02326028787,3213.83728825363,3473.77500649519,3666.69537359193,3788.16359372058,..,..
GDP per capita (current US$),NY.GDP.PCAP.CD,Mauritania,MRT,740.736535389412,676.567658401327,1879.77142715638,1815.21942921145,1892.09548717758,1677.10816613189,1524.07288252212,1536.85414964338,1578.11417355949,1600.87646860561,1679.44487300408,..
GDP per capita (current US$),NY.GDP.PCAP.CD,Mauritius,MUS,2506.17931226708,3929.07549503364,9197.02697152061,9291.22761861899,9637.00265000958,10153.9382184867,9260.44730250635,9681.61856689674,10484.9083620411,11208.3438184474,11099.2402835688,..
GDP per capita (current US$),NY.GDP.PCAP.CD,Mexico,MEX,3112.26870598472,7157.81449985734,10203.4208543113,10241.7279153745,10725.1833166036,10928.9168262489,9616.64500568952,8744.51577183222,9287.84973619382,9686.51378326598,9946.03382879198,..
GDP per capita (current US$),NY.GDP.PCAP.CD,"Micronesia, Fed. Sts.",FSM,1528.54072128015,2171.95024301223,3009.19864668922,3131.38671463839,2994.67930442007,2971.45729017367,2906.37678497635,3014.70035839042,3289.70114571277,3568.291015625,..,..
GDP per capita (current US$),NY.GDP.PCAP.CD,Moldova,MDA,..,440.672030653269,2942.25594861529,3045.73987422417,3322.0384362615,3328.80144892125,2732.45711293733,2880.43928129296,3509.69345025814,4233.74343674119,4503.51698538847,..
GDP per capita (current US$),NY.GDP.PCAP.CD,Monaco,MCO,84289.5595438943,82367.9912769359,169020.88783177,157515.899069445,177664.115616089,189422.21876884,166011.50913116,170028.655717864,167517.059727856,185829.017960407,..,..
GDP per capita (current US$),NY.GDP.PCAP.CD,Mongolia,MNG,1172.4430658221,474.216896516578,3757.5586328813,4351.88692005651,4366.07590145025,4158.52571473091,3918.57917389554,3660.15074616061,3669.4175404033,4134.98719823511,4339.84327925027,..
GDP per capita (current US$),NY.GDP.PCAP.CD,Montenegro,MNE,..,1627.07263304394,7329.02606278467,6586.45675645441,7186.81926242698,7378.04440441034,6514.56918801822,7028.66345418521,7784.08791153906,8846.05652531746,8908.93479246767,..
GDP per capita (current US$),NY.GDP.PCAP.CD,Morocco,MAR,1206.01183797183,1334.94305104384,3046.94913644957,2912.65827494029,3121.68117550498,3171.69919227376,2875.25798516781,2896.72000268117,3036.32525487301,3222.20063433213,3204.09500313298,..
GDP per capita (current US$),NY.GDP.PCAP.CD,Mozambique,MOZ,..,319.359584782134,594.586466669704,657.645337819668,664.078211827767,673.969955508106,589.859028149831,428.926487995524,461.415094120589,503.318727177274,503.570772675202,..
GDP per capita (current US$),NY.GDP.PCAP.CD,Myanmar,MMR,..,190.606231910312,1176.24245336109,1165.79432896131,1162.33144011893,1251.82076450814,1287.43048657119,1266.54633814868,1291.54241301307,1418.17762347196,1407.81314341043,..
GDP per capita (current US$),NY.GDP.PCAP.CD,Namibia,NAM,1944.13762113919,2136.44024281489,5723.32549028316,5942.21860396431,5377.72731774609,5435.17195993204,4869.37837276379,4523.0912813127,5303.30917087143,5495.42892533452,4957.45822226408,..
GDP per capita (current US$),NY.GDP.PCAP.CD,Nauru,NRU,..,..,6568.10258231227,9429.63337725871,9101.91698033437,8829.35671886048,6956.25380055393,7670.11640425255,8510.86840824456,9762.38930182711,9396.98196681072,..
GDP per capita (current US$),NY.GDP.PCAP.CD,Nepal,NPL,191.878904234015,229.4902871214,699.429337677581,698.466479416086,715.923743046061,743.413381296219,792.552890593381,777.147595512165,911.444266521259,1038.65164702968,1071.05076055404,..
GDP per capita (current US$),NY.GDP.PCAP.CD,Netherlands,NLD,21290.8603827045,26149.41107829,54159.3466126142,50073.0056559308,52184.0618504931,52830.1742328055,45175.2318933798,46007.8529206547,48675.2223350213,53044.5324352253,52331.3167277797,..
GDP per capita (current US$),NY.GDP.PCAP.CD,New Caledonia,NCL,14800.0286943521,12579.5951055864,..,..,..,..,..,..,..,..,..,..
GDP per capita (current US$),NY.GDP.PCAP.CD,New Zealand,NZL,13663.0216184298,13641.1027183822,38437.543157275,39982.7543013783,42962.9882149803,44553.2822108385,38615.9951849093,40105.6133867135,42849.426324701,42949.9305849512,42084.3533748088,..
GDP per capita (current US$),NY.GDP.PCAP.CD,Nicaragua,NIC,241.87647004145,1007.50142861723,1655.80182373144,1760.4685841634,1811.6325213683,1934.06323712607,2049.84968976149,2107.5727223615,2159.157867515,2020.55192996381,1912.90374537869,..
GDP per capita (current US$),NY.GDP.PCAP.CD,Niger,NER,437.590049509162,197.341405940847,512.595604567196,529.744993983104,552.570094538902,564.597482419666,484.238632609296,498.10416388359,517.975030051999,572.427154260028,553.89505038138,..
GDP per capita (current US$),NY.GDP.PCAP.CD,Nigeria,NGA,567.528672858345,567.930736009565,2487.59815432028,2723.8227773066,2961.550283849,3098.98630009568,2687.48014545225,2176.00224545044,1968.56473841262,2027.77797925505,2229.85869624463,..
GDP per capita (current US$),NY.GDP.PCAP.CD,North Macedonia,MKD,2354.26346244494,1854.14595610107,5063.78698606358,4698.14129350594,5210.67583028154,5468.48086914212,4840.27312286783,5129.15896023703,5430.87421029797,6088.97244500876,6022.21617939574,..
GDP per capita (current US$),NY.GDP.PCAP.CD,Northern Mariana Islands,MNP,..,..,13571.0582833444,13827.7696967465,14274.2406542056,15278.9078745141,16690.5700968089,22246.7430768136,28305.222587603,23258.6758552794,..,..
GDP per capita (current US$),NY.GDP.PCAP.CD,Norway,NOR,28242.943738533,38131.4606116242,100600.562407589,101524.141851985,102913.450843674,97019.1827527462,74355.5158575643,70459.1825041029,75496.7540581998,81734.4655736102,75419.6348688089,..
GDP per capita (current US$),NY.GDP.PCAP.CD,Oman,OMN,6448.12768493202,8601.27193227855,20876.7880311093,21872.6202486999,20865.7918179638,20035.1739750121,16028.6115221739,14618.7331253028,15130.5207386726,16521.1822816126,15343.0620043106,..
GDP per capita (current US$),NY.GDP.PCAP.CD,Pakistan,PAK,371.678557270582,576.195600593124,1164.97612914872,1198.10900052752,1208.90431029644,1251.16410422834,1356.66775582649,1368.45432627629,1464.99330546855,1482.30566684338,1284.70204090039,..
GDP per capita (current US$),NY.GDP.PCAP.CD,Palau,PLW,..,7657.55037948181,11096.7089320935,12040.6916099773,12559.1957287288,13710.9837739703,15876.4619303708,16646.8490832158,16066.1949685535,15660.6745965265,14901.9835314079,..
GDP per capita (current US$),NY.GDP.PCAP.CD,Panama,PAN,2603.84662236786,4060.32449292618,9358.25147451101,10722.2836326295,11889.1276274385,12796.0700430496,13630.3079737945,14343.9636291397,15150.345612161,15592.573678922,15731.0160348471,..
GDP per capita (current US$),NY.GDP.PCAP.CD,Papua New Guinea,PNG,697.539572978224,602.186902266008,2406.90967796981,2790.67666988481,2729.89190363004,2920.78372060611,2679.34558891149,2509.63145745887,2695.25188280292,2801.37399744404,2829.17030896837,..
GDP per capita (current US$),NY.GDP.PCAP.CD,Paraguay,PRY,1376.16467314413,1663.60525171951,5322.96375987671,5183.08287691315,5926.83286284344,6102.94323272326,5406.70385708338,5319.41021789703,5680.58076826353,5805.67561638869,5414.79913793258,..
GDP per capita (current US$),NY.GDP.PCAP.CD,Peru,PER,1196.58685819634,1955.58800627896,5869.32307961474,6528.97221785312,6756.75276926556,6672.8802554854,6229.10169612596,6204.99726003927,6710.50802896038,6941.23584763012,6977.69578355382,..
GDP per capita (current US$),NY.GDP.PCAP.CD,Philippines,PHL,715.913712086446,1072.80906434278,2450.73365616231,2694.30547298686,2871.43090179354,2959.64845212232,3001.04037107616,3073.653614975,3123.23422944462,3252.09232413346,3485.08421835861,..
GDP per capita (current US$),NY.GDP.PCAP.CD,Poland,POL,1731.20953112388,4501.45406742273,13879.5609852546,13097.2708482174,13696.4663046143,14271.3058536202,12578.4954734362,12447.4395912808,13864.6817579973,15468.4822194105,15692.5070255563,..
GDP per capita (current US$),NY.GDP.PCAP.CD,Portugal,PRT,7884.61798756332,11497.7534604525,23186.9131283278,20564.8898617969,21647.0418118869,22074.3007634216,19242.3664710981,19978.401214968,21490.429863104,23562.5545228191,23252.0585181211,..
GDP per capita (current US$),NY.GDP.PCAP.CD,Puerto Rico,PRI,8652.50749222505,16192.1269719638,27278.8830499205,27944.7338937424,28513.1657351067,28981.4573305866,29763.4883013861,30627.1634017011,31108.7527508912,31621.8934700005,32873.7192730424,..
GDP per capita (current US$),NY.GDP.PCAP.CD,Qatar,QAT,15454.0823281296,29976.117039047,82409.5773327667,85076.1414971118,85050.8663450405,83858.4768549031,63039.063486422,57163.0756845544,59124.9323657393,65908.0669010848,62088.0618276987,..
GDP per capita (current US$),NY.GDP.PCAP.CD,Romania,ROU,1680.70562287227,1659.90763954548,9099.2175388969,8507.10477456436,9547.85215096612,10043.6774497614,8969.14892146193,9548.58740298268,10807.7953907179,12399.889335731,12919.5296441908,..
GDP per capita (current US$),NY.GDP.PCAP.CD,Russian Federation,RUS,3492.7103142473,1771.59405905827,14311.0843159612,15420.8745413273,15974.6446270517,14095.648742954,9313.01362484996,8704.89841329594,10720.3325853448,11370.8134559314,11584.9953826104,..
GDP per capita (current US$),NY.GDP.PCAP.CD,Rwanda,RWA,349.873357553015,260.778016134062,668.868963365164,725.627681285034,723.258312827439,743.994758159784,751.639369748452,745.342751593952,772.318471775428,783.287184222986,820.025241658159,..
GDP per capita (current US$),NY.GDP.PCAP.CD,Samoa,WSM,772.505849126603,1542.06673580116,3933.45935710691,4022.19911964814,4037.50931467981,3937.75871176418,4073.66600980642,4109.16513496372,4259.7650014189,4188.52834612851,4324.01401840457,..
GDP per capita (current US$),NY.GDP.PCAP.CD,San Marino,SMR,..,36601.8275523984,57286.6550002958,49985.349570181,51572.5681707239,50806.5343783866,42660.3381585202,43826.9243116818,45399.0290605549,48995.1420019023,..,..
GDP per capita (current US$),NY.GDP.PCAP.CD,Sao Tome and Principe,STP,..,..,1254.51792297417,1330.54740424256,1564.67530350241,1770.46574954659,1584.82776026425,1700.04654094347,1813.78323514196,1953.58828993582,1946.64361370086,..
GDP per capita (current US$),NY.GDP.PCAP.CD,Saudi Arabia,SAU,7246.01636663787,9171.33014525259,23745.8016143957,25243.3586980136,24844.7443707585,24463.9031634311,20627.9327823422,19879.2975306167,20803.7459178785,23338.9634580718,23139.7986561214,..
GDP per capita (current US$),NY.GDP.PCAP.CD,Senegal,SEN,961.573946470954,604.654066013211,1373.52078902067,1329.98137880303,1376.06981577192,1396.65822533925,1219.24866243037,1269.90210810516,1361.69958778497,1465.59100640191,1446.83096499408,..
GDP per capita (current US$),NY.GDP.PCAP.CD,Serbia,SRB,..,914.785719885861,6809.15980400146,6015.94522756969,6755.07367461629,6600.05680854589,5588.98072768556,5765.20076202711,6292.54362926707,7252.40185773992,7411.83611634734,..
GDP per capita (current US$),NY.GDP.PCAP.CD,Seychelles,SYC,5302.84372714198,7578.85105298845,12189.0951601357,12006.68296237,14765.6739800428,14700.3343408386,14745.3414620288,15068.6203494184,15906.0839118192,16390.8249080053,17448.2702926831,..
GDP per capita (current US$),NY.GDP.PCAP.CD,Sierra Leone,SLE,150.389032266233,138.698692243778,448.337525527861,566.378656937494,716.835304734774,714.700712388696,588.228452702849,501.415712857832,499.38070781976,533.991184258936,527.533634399111,..
GDP per capita (current US$),NY.GDP.PCAP.CD,Singapore,SGP,11861.7561591366,23852.3270285975,53890.4287270504,55546.4885386921,56967.4257940383,57562.5307937678,55646.6187469505,56828.2953471601,60913.745333494,66188.7793961798,65233.2824392302,..
GDP per capita (current US$),NY.GDP.PCAP.CD,Sint Maarten (Dutch part),SXM,..,..,27997.2898302635,28460.3326151186,27942.8805401415,33043.6883812669,32274.8905524359,31616.6816992667,29369.0568278169,29160.1038110689,..,..
GDP per capita (current US$),NY.GDP.PCAP.CD,Slovak Republic,SVK,2405.53516040785,5413.15062068807,18361.5694760083,17481.8954435252,18260.0157710019,18674.3440568625,16310.9884090005,16508.6703604932,17556.6008176369,19406.3475337924,19266.2754990139,..
GDP per capita (current US$),NY.GDP.PCAP.CD,Slovenia,SVN,9107.47389852088,10201.3035366727,25095.1322896197,22643.1002515007,23496.602499332,24214.9220717273,20881.7669299329,21663.643413767,23512.8172674713,26115.9133661854,25946.1821852127,..
GDP per capita (current US$),NY.GDP.PCAP.CD,Solomon Islands,SLB,666.965287229144,1040.00719387833,1938.89476725508,2141.82922578032,2248.59132072751,2274.88786574405,2167.17382619953,2225.49043485009,2332.8148736562,2441.51739308263,2373.63247042576,..
GDP per capita (current US$),NY.GDP.PCAP.CD,Somalia,SOM,126.924920542559,..,..,..,..,..,..,..,..,..,..,..
GDP per capita (current US$),NY.GDP.PCAP.CD,South Africa,ZAF,3139.96605414997,3032.42713820462,8007.41284634441,7501.4699839525,6832.45689096701,6433.18727662894,5734.63362915331,5272.91842475419,6132.4798409721,6374.02819575944,6001.40081394888,..
GDP per capita (current US$),NY.GDP.PCAP.CD,South Sudan,SSD,..,..,1516.40391483427,1179.73982772896,1779.4693342398,1322.8202385055,1119.65133267823,..,..,..,..,..
GDP per capita (current US$),NY.GDP.PCAP.CD,Spain,ESP,13804.8767869937,14713.0657111519,31636.4463142558,28324.4293363918,29059.5479522321,29461.5503337389,25732.0183647454,26505.3432155204,28170.1678643302,30389.3609902899,29600.3782526602,..
GDP per capita (current US$),NY.GDP.PCAP.CD,Sri Lanka,LKA,463.618631805931,869.696516609157,3200.83382914016,3350.52187589289,3610.28936304898,3819.25352972265,3843.78067184442,3886.29150165239,4077.04372120747,4080.56712469552,3853.08369288942,..
GDP per capita (current US$),NY.GDP.PCAP.CD,St. Kitts and Nevis,KNA,5396.40484995676,9560.90386718302,16539.7690073067,16046.4869352021,16686.0211825241,18051.1790347146,18028.9734308952,18810.4876458321,19158.7448006081,19276.5212674439,19934.9745323929,..
GDP per capita (current US$),NY.GDP.PCAP.CD,St. Lucia,LCA,4199.60606890037,5950.35119596624,8983.4366734688,9086.79946207544,9378.56236298604,9843.91581872176,10093.8997626748,10361.8141037985,11047.4449858109,11357.8890096382,11611.4154473966,..
GDP per capita (current US$),NY.GDP.PCAP.CD,St. Martin (French part),MAF,..,..,..,..,..,..,..,..,..,..,..,..
GDP per capita (current US$),NY.GDP.PCAP.CD,St. Vincent and the Grenadines,VCT,2236.28877407421,3676.43964197256,6242.19533244977,6390.31063156115,6639.60714595024,6684.80736732912,6920.87807380804,7075.06582034944,7212.96018080962,7361.4009618002,7457.50950382514,..
GDP per capita (current US$),NY.GDP.PCAP.CD,Sudan,SDN,483.952592007859,366.172807593807,1437.7732945888,1457.89458202637,1557.22831003842,1709.99960541964,1909.73875450207,1299.26119456743,1111.86844893858,623.867252394076,441.505603374484,..
GDP per capita (current US$),NY.GDP.PCAP.CD,Suriname,SUR,958.612332137947,2012.28165067815,8263.20380320348,9200.97478600343,9402.1644191114,9471.92200052426,8562.08136860759,5539.11790036234,5637.5149461838,6015.16460686684,6359.83361442737,..
GDP per capita (current US$),NY.GDP.PCAP.CD,Sweden,SWE,30593.6724447761,29624.9126748618,60755.7595508465,58037.8213192173,61126.9431963979,60020.3604576572,51545.4836095322,51965.1571531985,53791.5087298403,54589.0603860606,51615.0206514946,..
GDP per capita (current US$),NY.GDP.PCAP.CD,Switzerland,CHE,38428.3854594406,37868.3230348534,88415.6280324892,83538.230025042,85112.4643984141,86605.5633762421,82081.5971616165,80172.2320869148,80449.9945127739,82818.1081617471,81993.72712595,..
GDP per capita (current US$),NY.GDP.PCAP.CD,Syrian Arab Republic,SYR,988.94867216421,1177.62926773348,..,..,..,..,..,..,..,..,..,..
GDP per capita (current US$),NY.GDP.PCAP.CD,Tajikistan,TJK,497.632026083843,138.428879512683,847.382101810518,969.296473144289,1048.22729256115,1104.17168941376,929.095857223746,802.518004052824,806.041573098044,826.621530538704,870.787589323223,..
GDP per capita (current US$),NY.GDP.PCAP.CD,Tanzania,TZA,173.790639184874,410.952327593101,781.437014324276,867.867680563228,970.416938425046,1030.09291747653,947.933446487903,966.474622354379,1004.84112066441,1060.99461489421,1122.12181047515,..
GDP per capita (current US$),NY.GDP.PCAP.CD,Thailand,THA,1508.94273670514,2007.73517506683,5492.12125590558,5860.58250725599,6168.26298501219,5951.88370233604,5840.04652294326,5994.23147547156,6592.91490169864,7295.47561612095,7806.74221105532,..
GDP per capita (current US$),NY.GDP.PCAP.CD,Timor-Leste,TLS,..,415.085948577851,947.51332029527,1013.05002497807,1210.03264559371,1232.4560962795,1332.7828591777,1353.74792501854,1286.40575068308,1230.2281911588,1560.50982160188,..
GDP per capita (current US$),NY.GDP.PCAP.CD,Togo,TGO,431.450159769201,302.206394294343,587.097136792467,571.806723944167,621.398853574683,640.934219628827,570.910279013434,597.471088804109,626.091527901405,679.97276057805,679.290249091295,..
GDP per capita (current US$),NY.GDP.PCAP.CD,Tonga,TON,1194.54103416891,2090.8780473688,4002.65916515062,4581.73864748582,4428.14652130855,4354.02886337063,4336.19657636639,4158.28837838716,4513.60953145965,4740.79214895188,4903.15290276599,..
GDP per capita (current US$),NY.GDP.PCAP.CD,Trinidad and Tobago,TTO,4150.30185502442,6435.16468252829,19034.1491966652,19157.4170366712,20143.6644489582,20270.8593716518,18289.704340369,16176.9473700573,16238.1931916674,17129.9130902577,17397.9817601543,..
GDP per capita (current US$),NY.GDP.PCAP.CD,Tunisia,TUN,1491.12212876029,2211.82681728547,4264.67494604737,4152.67858707583,4222.70324540611,4305.47416504835,3861.68853113497,3697.93083126064,3481.22873876516,3438.78908914627,3317.4535932122,..
GDP per capita (current US$),NY.GDP.PCAP.CD,Turkey,TUR,2794.35039016178,4337.47814131056,11420.7732646112,11795.316711752,12614.4802575975,12157.3379609015,11006.2497363978,10895.3186924719,10591.4743712025,9455.59365384828,9126.56134585014,..
GDP per capita (current US$),NY.GDP.PCAP.CD,Turkmenistan,TKM,865.789417037966,643.174725992465,5649.95227819669,6675.18565772239,7304.28713230982,7962.23909840679,6432.68070195019,6389.54840833488,6587.09031628698,6966.63541063077,..,..
GDP per capita (current US$),NY.GDP.PCAP.CD,Turks and Caicos Islands,TCA,..,..,21835.0840399077,21345.6525568015,21716.5644525064,23779.8637224688,26182.4296156305,28240.7068027025,27545.8709416678,29554.7059604407,31353.3293184258,..
GDP per capita (current US$),NY.GDP.PCAP.CD,Tuvalu,TUV,990.064819950998,1462.85469981826,3640.72324004977,3507.94065504737,3454.82869218249,3398.70648337631,3197.77225194394,3255.92869342584,3572.49357894833,3700.74426252192,4059.02999569444,..
GDP per capita (current US$),NY.GDP.PCAP.CD,Uganda,UGA,248.029367198959,261.868997701026,829.010344932875,786.728052790667,806.595521409999,879.720233346557,843.629415815721,733.431251236802,747.196907377979,770.452453254239,794.341077917102,..
GDP per capita (current US$),NY.GDP.PCAP.CD,Ukraine,UKR,1569.75758369404,635.700535075575,3569.75812083898,3855.41772856732,4029.71125162545,3104.64320609541,2124.6623187838,2187.73050991433,2640.67567655839,3096.81740221352,3659.03131229487,..
GDP per capita (current US$),NY.GDP.PCAP.CD,United Arab Emirates,ARE,27729.4664216648,33291.419366353,39194.6766208456,40976.4997112455,42412.6302780364,43751.8388860721,38663.3838066363,38141.8467585492,40644.804043392,43839.3563491413,43103.3230583165,..
GDP per capita (current US$),NY.GDP.PCAP.CD,United Kingdom,GBR,19095.4669984608,28149.8700107891,42038.572250193,42462.771568145,43444.533001954,47425.6076805194,44974.8318771782,41064.1334316223,40361.4173832159,43043.2278164551,42330.117537005,..
GDP per capita (current US$),NY.GDP.PCAP.CD,United States,USA,23888.6000088133,36334.9087770589,49886.8181094923,51610.6052783379,53117.6678498178,55064.7445483427,56839.3817742317,57951.5840820997,60062.2223132211,62996.4712852605,65297.517508274,..
GDP per capita (current US$),NY.GDP.PCAP.CD,Uruguay,URY,2990.3642477705,6875.02132792057,14236.6811883717,15171.5846627498,16973.6742131099,16831.9729445436,15613.7642726566,15387.14403013,17322.1473894404,17277.9701105496,16190.126957465,..
GDP per capita (current US$),NY.GDP.PCAP.CD,Uzbekistan,UZB,651.419206137363,558.226802377,1926.29299673401,2137.025122118,2281.41097296841,2492.33664277468,2615.025134487,2567.79920656883,1826.56691924216,1529.08286351335,1724.8411344137,..
GDP per capita (current US$),NY.GDP.PCAP.CD,Vanuatu,VUT,1152.1849675189,1470.57226526613,3264.5370165591,3133.09020920348,3124.23307756588,3088.25830265504,2801.93984778858,2889.85303623403,3082.35632289041,3125.25798900649,3115.35862043261,..
GDP per capita (current US$),NY.GDP.PCAP.CD,"Venezuela, RB",VEN,2475.38047254573,4842.03720158812,10955.3499126366,12985.5053251065,12456.7124535391,16054.4905130962,..,..,..,..,..,..
GDP per capita (current US$),NY.GDP.PCAP.CD,Vietnam,VNM,95.1882501808876,390.093326052633,1525.11598800104,1735.14127643805,1886.67189633671,2030.26195473318,2085.10148409879,2192.21453866566,2365.62166567374,2566.59694958511,2715.27603640721,..
GDP per capita (current US$),NY.GDP.PCAP.CD,Virgin Islands (U.S.),VIR,..,..,39144.1657740184,37849.7287205036,34819.1477546185,33573.0970301435,34797.14046978,35931.5412519766,35938.0243875154,..,..,..
GDP per capita (current US$),NY.GDP.PCAP.CD,West Bank and Gaza,PSE,..,1476.17185000238,2880.79843707909,3067.43872735614,3315.29753909282,3352.11259506043,3272.15432360708,3527.61382413178,3620.36048715937,3562.33094270256,..,..
GDP per capita (current US$),NY.GDP.PCAP.CD,"Yemen, Rep.",YEM,482.247874017314,554.448633427793,1374.62128512758,1446.53635351496,1607.15236498904,1673.14635369478,1602.03784066157,1138.68299471073,960.528533738514,824.117628729094,774.334489816721,..
GDP per capita (current US$),NY.GDP.PCAP.CD,Zambia,ZMB,408.769534724677,345.689554372848,1672.90825103652,1763.07273337195,1878.90969681416,1763.06257144391,1337.79558561814,1280.57844679257,1534.86675111219,1516.39066079862,1305.06325350544,..
GDP per capita (current US$),NY.GDP.PCAP.CD,Zimbabwe,ZWE,841.972989778691,563.057741053574,1093.65400227511,1304.96980167411,1430.00081795572,1434.89934002278,1445.07106198798,1464.58352903946,1548.17005572552,1683.74057709465,1463.98591018054,..
GDP per capita (current US$),NY.GDP.PCAP.CD,Arab World,ARB,2009.41513624547,2605.63326297453,6867.60019200019,7466.81181141866,7522.59534414922,7461.54515034611,6400.36035038446,6112.1059534046,6108.58822028271,6601.82518932287,6584.74024069285,..
GDP per capita (current US$),NY.GDP.PCAP.CD,Caribbean small states,CSS,2997.32366872164,5250.37531330665,9920.8920986356,10187.2716141439,10306.6345316741,10376.283588732,10083.9648675967,9518.1838733579,9767.97005850011,10187.2123091569,10500.9719018527,..
GDP per capita (current US$),NY.GDP.PCAP.CD,Central Europe and the Baltics,CEB,2373.28005240347,3946.84248510514,13910.4473714964,13014.715877787,13712.6845114515,14154.1425405415,12513.2018363306,12822.3762230609,14244.8644785917,16037.4818998226,16300.7920722546,..
GDP per capita (current US$),NY.GDP.PCAP.CD,Early-demographic dividend,EAR,896.662556809487,1338.81287267501,3257.34436281621,3366.87046095254,3378.14921264188,3448.53126063778,3302.72912446483,3334.11968835416,3555.34490649832,3585.32218812471,3644.01459793481,..
GDP per capita (current US$),NY.GDP.PCAP.CD,East Asia & Pacific,EAS,2599.0745762954,4052.34177606243,8861.50906334251,9420.55432849728,9466.30354889193,9703.35376267107,9598.34532806707,9858.04901339385,10467.4430246664,11318.6354877622,11530.1381346129,..
GDP per capita (current US$),NY.GDP.PCAP.CD,East Asia & Pacific (excluding high income),EAP,412.960840307696,956.670195045752,4858.63674323147,5378.90505007494,5891.53524017465,6306.4072904201,6522.74911529277,6612.32723708149,7173.56731526143,7971.67338559114,8222.27687284776,..
GDP per capita (current US$),NY.GDP.PCAP.CD,East Asia & Pacific (IDA & IBRD countries),TEA,417.394819265647,966.924607505094,4910.53615829559,5436.22436555427,5954.18383436337,6373.31755269839,6591.78025630437,6682.12580197807,7249.10181549539,8055.42956281708,8308.52290628931,..
GDP per capita (current US$),NY.GDP.PCAP.CD,Euro area,EMU,18900.3945806209,20165.8326060912,40615.3479697679,37599.915754443,39105.1517383111,39858.3739785371,34370.787184202,35147.7422259268,37140.6698528957,40038.5067764355,38984.6859895145,..
GDP per capita (current US$),NY.GDP.PCAP.CD,Europe & Central Asia,ECS,10521.0957783916,11648.0678436856,26118.7702597316,25075.8450008035,26079.5427953563,26305.7925229878,22554.4672468035,22383.0497887934,23629.1062237995,25215.2719623363,24744.1402883946,..
GDP per capita (current US$),NY.GDP.PCAP.CD,Europe & Central Asia (excluding high income),ECA,2475.45866571432,1794.54037356746,9628.08489901196,10206.4601224832,10748.2150485055,9910.10934999672,7472.89501961602,7058.86171886161,7879.81868059063,8031.86420929148,8133.26084670603,..
GDP per capita (current US$),NY.GDP.PCAP.CD,Europe & Central Asia (IDA & IBRD countries),TEC,2388.95330751743,2057.38358047786,10017.7624770721,10406.4424289587,10973.1245208446,10319.3232049194,8007.28501261297,7665.3771838596,8552.95274227593,8894.6706846259,9017.27828722879,..
GDP per capita (current US$),NY.GDP.PCAP.CD,European Union,EUU,15460.1934871532,16909.8732568021,35721.5322112679,33159.1110060226,34563.7426260981,35242.1907448323,30469.6243901071,31172.2286448947,33080.9186444207,35733.7160011367,34918.4983749707,..
GDP per capita (current US$),NY.GDP.PCAP.CD,Fragile and conflict affected situations,FCS,666.324511953996,816.871301217096,2188.81069386736,2467.64630373323,2530.41235439061,2694.56371779599,2364.24769660877,2075.89997448139,2055.57360374932,2175.9365406788,2228.25524462277,..
GDP per capita (current US$),NY.GDP.PCAP.CD,Heavily indebted poor countries (HIPC),HPC,388.875060101523,358.734984020516,851.248195957039,879.591255700655,954.138989200576,978.223323506328,942.457852138424,907.015698667542,939.509103511369,972.942914334936,976.741808708115,..
GDP per capita (current US$),NY.GDP.PCAP.CD,High income,HIC,18440.6990576375,25103.2939763839,41538.6328968188,41344.8136933783,41629.1459513777,42298.5493201213,39735.3600817717,40343.8213202962,42013.8899019256,44417.867919172,44617.4765305399,..
GDP per capita (current US$),NY.GDP.PCAP.CD,IBRD only,IBD,995.759797834249,1457.61475946152,5288.46738348538,5567.68696082127,5824.46188017041,5966.69683546027,5581.96056155466,5573.10612239042,6094.41443043091,6448.82919322929,6561.99428659455,..
GDP per capita (current US$),NY.GDP.PCAP.CD,IDA & IBRD total,IBT,881.741903354844,1240.20595901179,4312.8986268995,4530.90238610699,4738.08201390865,4850.21743956192,4540.02887982394,4505.97092434447,4889.16008178088,5152.65365955954,5228.54414234075,..
GDP per capita (current US$),NY.GDP.PCAP.CD,IDA blend,IDB,521.136823367945,572.558473380871,1721.48786482656,1859.73355042435,1972.59939756489,2068.65459132846,1949.31270346127,1774.19436581491,1718.48233204613,1756.03960627613,1765.6634650645,..
GDP per capita (current US$),NY.GDP.PCAP.CD,IDA only,IDX,353.728290672963,369.181621823463,918.483095486679,942.110646567873,1028.26634833622,1074.40998991011,1079.85092795776,1066.08116623517,1118.02654719899,1170.10560560528,1200.91860733875,..
GDP per capita (current US$),NY.GDP.PCAP.CD,IDA total,IDA,410.619618702802,438.553947830263,1191.93609037018,1255.94428007451,1351.08698638783,1414.7404086265,1376.56371903656,1306.01554404922,1319.41219090651,1365.85465109636,1388.82814141165,..
GDP per capita (current US$),NY.GDP.PCAP.CD,Late-demographic dividend,LTE,1100.58622794337,1663.98295941553,7502.29883836483,7978.1217310615,8547.20714121708,8818.09799372955,8218.98991105308,8188.04785801433,9029.71173792667,9838.44325165659,9999.48841965925,..
GDP per capita (current US$),NY.GDP.PCAP.CD,Latin America & Caribbean,LCN,2669.42455597315,4400.4708921757,10204.6339173199,10198.3993719435,10337.7751615641,10430.5831580854,8884.94545760073,8589.62836986689,9448.25547897868,9092.67237798763,8869.89481433387,..
GDP per capita (current US$),NY.GDP.PCAP.CD,Latin America & Caribbean (excluding high income),LAC,2596.73155261803,4230.53397865885,9882.3879593033,9837.43077906739,9948.78120871472,10075.7255246621,8475.77630051483,8155.11061751262,9005.79932397041,8593.74144050655,8390.06292074218,..
GDP per capita (current US$),NY.GDP.PCAP.CD,Latin America & the Caribbean (IDA & IBRD countries),TLA,2599.22436509533,4312.24276029239,10140.0215617452,10123.736699613,10259.3642342486,10347.5453361991,8742.37300032624,8429.0339590811,9303.04856215472,8934.49818332295,8702.13746386907,..
GDP per capita (current US$),NY.GDP.PCAP.CD,Least developed countries: UN classification,LDC,323.965676218735,333.426006167689,909.27300658047,942.424283392007,1004.25339046275,1059.6467081821,1026.91161565556,986.659726322111,1047.70805894462,1063.16791088601,1079.20461356443,..
GDP per capita (current US$),NY.GDP.PCAP.CD,Low & middle income,LMY,859.194148498457,1189.52266625958,4169.28787982058,4396.13260258025,4596.18627524268,4708.90509098014,4417.78921029825,4383.45774355264,4753.28273311431,5001.69977944769,5080.87769439704,..
GDP per capita (current US$),NY.GDP.PCAP.CD,Low income,LIC,359.855140649241,333.726703204851,784.355667027664,803.903671046569,859.271039242635,896.713923788469,884.788310098557,790.161708482454,792.826294086648,795.957116426116,810.094853446519,..
GDP per capita (current US$),NY.GDP.PCAP.CD,Lower middle income,LMC,493.639718841264,565.861089311333,1708.69758880976,1775.96686923642,1842.80944785278,1929.08191930939,1884.58175710996,1921.07416148877,2037.37364885081,2091.39057844093,2174.43979701111,..
GDP per capita (current US$),NY.GDP.PCAP.CD,Middle East & North Africa,MEA,2167.31394181968,3066.00623942379,8327.3778948229,8897.03730633274,8655.90204656148,8541.76748107579,7383.27989358861,7277.53208743827,7416.58584269787,7943.9469072823,7991.12900461804,..
GDP per capita (current US$),NY.GDP.PCAP.CD,Middle East & North Africa (excluding high income),MNA,..,1617.24630648204,4624.70004327746,5013.40135793962,4609.29170676447,4472.13882427699,3956.89408311174,3942.96184419826,3815.06235567043,3970.84824480407,..,..
GDP per capita (current US$),NY.GDP.PCAP.CD,Middle East & North Africa (IDA & IBRD countries),TMN,..,1618.59091262303,4644.82558357055,5036.03092173935,4624.13536038296,4484.94184256868,3964.47537755026,3947.21870411868,3816.59680341189,3975.04843658749,..,..
GDP per capita (current US$),NY.GDP.PCAP.CD,Middle income,MIC,898.98142451298,1264.82626128699,4518.53535501362,4771.64120027432,4992.7683277062,5119.57961372532,4804.80429484218,4780.82929661651,5196.35976092233,5478.71794784699,5573.24410720134,..
GDP per capita (current US$),NY.GDP.PCAP.CD,North America,NAC,23645.6143148159,35147.8765944311,50114.1846270735,51725.6370990294,53079.7825110171,54654.9326555421,55519.9350321917,56388.8554198654,58564.1583184882,61305.8921664562,63344.0775191408,..
GDP per capita (current US$),NY.GDP.PCAP.CD,Not classified,INX,..,..,..,..,..,..,..,..,..,..,..,..
GDP per capita (current US$),NY.GDP.PCAP.CD,OECD members,OED,17002.0967570718,22978.4515129639,37440.9953566213,37190.1546209264,37452.6262363065,37987.959313023,35612.0757073658,36044.7475495454,37416.3149985587,39331.5342331279,39485.8942032928,..
GDP per capita (current US$),NY.GDP.PCAP.CD,Other small states,OSS,3139.29857113188,4364.48229707674,14896.2793528698,15219.4405973111,15556.0737231471,15753.5129381298,12807.9061275788,12402.3569740925,13230.8250084338,14382.7979768801,13778.2935135186,..
GDP per capita (current US$),NY.GDP.PCAP.CD,Pacific island small states,PSS,1383.15888944647,1763.108914431,3451.50394939072,3624.67838064038,3721.28612977178,3987.52335934265,3841.59948683011,3967.60457238316,4216.56193921309,4341.14352379779,4264.66741440106,..
GDP per capita (current US$),NY.GDP.PCAP.CD,Post-demographic dividend,PST,19051.1501679526,25755.3787928762,42366.7405184594,42151.4480321847,42391.5414460158,43071.2360675602,40587.2582499722,41299.6861038583,42929.5335974392,45321.9986147501,45618.8861568374,..
GDP per capita (current US$),NY.GDP.PCAP.CD,Pre-demographic dividend,PRE,476.821560239636,442.930121526467,1568.49360831704,1678.59025352655,1788.49630926883,1834.32062470758,1584.92919993634,1400.23186523359,1416.52067917685,1455.98228944785,1485.64958462252,..
GDP per capita (current US$),NY.GDP.PCAP.CD,Small states,SST,2983.38318388514,4386.77059131284,13208.9409053042,13526.8462359352,13821.0460256073,14012.214316799,11749.0432443845,11353.6237074227,12048.349773617,13013.7513684514,12615.4658503025,..
GDP per capita (current US$),NY.GDP.PCAP.CD,South Asia,SAS,359.24247379048,453.237604423192,1367.31313793749,1364.41640319999,1381.85662659774,1494.42076536887,1541.80369867426,1650.33013926635,1866.1590187187,1898.97100423962,1956.57592140193,..
GDP per capita (current US$),NY.GDP.PCAP.CD,South Asia (IDA & IBRD),TSA,359.24247379048,453.237604423192,1367.31313793749,1364.41640319999,1381.85662659774,1494.42076536887,1541.80369867426,1650.33013926635,1866.1590187187,1898.97100423962,1956.57592140193,..
GDP per capita (current US$),NY.GDP.PCAP.CD,Sub-Saharan Africa,SSF,667.634181889426,601.722805829321,1740.05089385161,1781.69258644328,1847.2994206998,1866.67989791556,1669.49676403401,1506.4356504609,1563.37508530051,1596.16617525386,1596.21373429876,..
GDP per capita (current US$),NY.GDP.PCAP.CD,Sub-Saharan Africa (excluding high income),SSA,663.184856994224,594.890556596522,1728.55546797877,1770.41953544835,1835.65814358199,1854.67298624243,1658.63061418504,1495.05561698279,1551.29750686062,1583.53202065792,1583.92606462045,..
GDP per capita (current US$),NY.GDP.PCAP.CD,Sub-Saharan Africa (IDA & IBRD countries),TSS,667.634181889427,601.722805829321,1740.05089385161,1781.69258644328,1847.29942069979,1866.67989791556,1669.49676403401,1506.4356504609,1563.37508530051,1596.16617525386,1596.21373429876,..
GDP per capita (current US$),NY.GDP.PCAP.CD,Upper middle income,UMC,1225.69875979012,1878.61277865426,7227.9289005121,7680.98957981944,8073.30140060369,8261.02730345423,7698.21107087201,7632.3928313119,8368.52809406641,8906.24387559177,9036.76525522061,..
GDP per capita (current US$),NY.GDP.PCAP.CD,World,WLD,4285.30486880125,5499.15100420204,10490.048793443,10607.4372822365,10783.8544375988,10952.6839654651,10249.0914046286,10286.3761444919,10827.7032622136,11385.6752270743,11441.7328647669,..
,,,,,,,,,,,,,,,
,,,,,,,,,,,,,,,
,,,,,,,,,,,,,,,
Data from database: World Development Indicators,,,,,,,,,,,,,,,
Last Updated: 12/16/2020,,,,,,,,,,,,,,,
